Walterdepoliticizes@gmail.com,depoliticizes
Glendacollective@gmail.com,collective
Edwinunderclasses@gmail.com,underclasses
Edwinofficialty@gmail.com,officialty
Annemidquarter@gmail.com,midquarter
Guillerminamortalities@gmail.com,mortalities
Michelunresponsible@gmail.com,unresponsible
Clarapreventitive@gmail.com,preventitive
Mikedouble-magnum@gmail.com,double-magnum
Bonniecoqueluche@gmail.com,coqueluche
Annebouclée@gmail.com,bouclée
Jamesuh-huh@gmail.com,uh-huh
Wilmararefy@gmail.com,rarefy
Coraadvisees@gmail.com,advisees
Kristinaanchorage@gmail.com,anchorage
ChristinaCarduus@gmail.com,Carduus
Henryfatuities@gmail.com,fatuities
Jessicagum-lancet@gmail.com,gum-lancet
Rogertrailbaston@gmail.com,trailbaston
Wilmatestudinata@gmail.com,testudinata
Matthewnephrotic@gmail.com,nephrotic
Katieunrivaled@gmail.com,unrivaled
Karenreferents@gmail.com,referents
Amysaignée@gmail.com,saignée
Barbarahoodock@gmail.com,hoodock
Stevenwedges@gmail.com,wedges
Glennmoiety@gmail.com,moiety
Michaelroopy@gmail.com,roopy
Ellamattocks@gmail.com,mattocks
Mikepluralia@gmail.com,pluralia
Alimagazine@gmail.com,magazine
Robertononaluminum@gmail.com,nonaluminum
Janicenoticed@gmail.com,noticed
Chrisscreeches@gmail.com,screeches
Marksynecdochal@gmail.com,synecdochal
Dixiepibgorn@gmail.com,pibgorn
Peifilial@gmail.com,filial
Manuelacceptedly@gmail.com,acceptedly
Robertintoxicating@gmail.com,intoxicating
Tammyawarning@gmail.com,awarning
Jimtinware@gmail.com,tinware
Angelatouchup@gmail.com,touchup
DebraMaykop@gmail.com,Maykop
Valerieinexist@gmail.com,inexist
Sarahbonnier@gmail.com,bonnier
Annettewarmful@gmail.com,warmful
Stevenpolyalcohols@gmail.com,polyalcohols
Tracysurface-working@gmail.com,surface-working
Chantaymilk-duct@gmail.com,milk-duct
Monicaaccordingly@gmail.com,accordingly
Joycereconciler@gmail.com,reconciler
Johndistress@gmail.com,distress
Lavetaaffectlessness@gmail.com,affectlessness
Paulhokeday@gmail.com,hokeday
Michellejudokas@gmail.com,judokas
Audreyratfinks@gmail.com,ratfinks
Maryleedisavowal@gmail.com,disavowal
Nancyruffed@gmail.com,ruffed
Philipwispily@gmail.com,wispily
Marjoriecumene@gmail.com,cumene
Theresemegaplan@gmail.com,megaplan
Rhondamoire@gmail.com,moire
Chesterurbanisation@gmail.com,urbanisation
Cliffordbraais@gmail.com,braais
JoshuaJunker@gmail.com,Junker
PatriciaReaders@gmail.com,Readers
Maryshirp@gmail.com,shirp
TommyCannaregio@gmail.com,Cannaregio
Teresathesauruses@gmail.com,thesauruses
Raymonddwarfishly@gmail.com,dwarfishly
Edwardnullahs@gmail.com,nullahs
Miriamwashbag@gmail.com,washbag
Mariaseventy-eight@gmail.com,seventy-eight
Robertinspiring@gmail.com,inspiring
Georgegloomth@gmail.com,gloomth
Michealpalmæ@gmail.com,palmæ
Lucilleskelet@gmail.com,skelet
Antonystone-squarer@gmail.com,stone-squarer
Ericinterpretations@gmail.com,interpretations
Reginaunworthy@gmail.com,unworthy
Thomasmuropeptide@gmail.com,muropeptide
Harrietimbolden@gmail.com,imbolden
Theresavolvaria@gmail.com,volvaria
Jamesintegrants@gmail.com,integrants
Laurahaulage@gmail.com,haulage
Mariocubless@gmail.com,cubless
JeremyOonagh@gmail.com,Oonagh
Nicolewood-carving@gmail.com,wood-carving
Clayunharvested@gmail.com,unharvested
Michellecordelier@gmail.com,cordelier
Aaronpseudoscope@gmail.com,pseudoscope
Rosashreek@gmail.com,shreek
Robertnatatorial@gmail.com,natatorial
Nicholemesophilic@gmail.com,mesophilic
Bonniesuspenseful@gmail.com,suspenseful
Glennturnscrew@gmail.com,turnscrew
Lloydnonrecreational@gmail.com,nonrecreational
Davidtampered@gmail.com,tampered
Harveyteleported@gmail.com,teleported
Danieltanookis@gmail.com,tanookis
